planner,run,first_path_iter,final_cost,final_nodes,elapsed_sec
Informed RRT*,1,84,4.589223,1998,2.7480
Informed RRT*,2,344,4.552222,1998,2.7235
Informed RRT*,3,322,4.568448,1986,2.8960
Informed RRT*,4,201,4.547771,1993,3.0491
Informed RRT*,5,200,4.658636,1990,2.4667
Informed RRT*,6,157,4.596288,1992,2.9131
Informed RRT*,7,208,4.591246,1988,2.6729
Informed RRT*,8,154,4.490868,1992,4.3482
Informed RRT*,9,332,4.562435,1990,2.8831
Informed RRT*,10,151,4.620611,1993,2.6290
