planner,run,first_path_iter,final_cost,final_nodes,elapsed_sec
Neural RRT* v2,1,23,4.464479,2001,14.7950
Neural RRT* v2,2,24,4.477415,2000,14.7466
Neural RRT* v2,3,26,4.461109,2001,14.6523
Neural RRT* v2,4,71,4.580001,1958,13.7416
Neural RRT* v2,5,24,4.474518,1998,13.8784
Neural RRT* v2,6,28,4.505860,1995,14.6259
Neural RRT* v2,7,24,4.487367,1998,14.9441
Neural RRT* v2,8,22,4.465481,1999,14.7223
Neural RRT* v2,9,30,4.540817,1991,14.8097
Neural RRT* v2,10,23,4.462339,1998,14.3067
