planner,run,first_path_iter,final_cost,final_nodes,elapsed_sec
RRT*,1,68,4.618734,1991,1.9453
RRT*,2,93,4.618388,1989,1.9652
RRT*,3,75,4.567210,1989,2.0302
RRT*,4,55,4.580563,1998,1.9906
RRT*,5,120,4.692901,1979,1.9255
RRT*,6,131,4.616354,1971,1.9588
RRT*,7,123,4.668625,1990,1.9894
RRT*,8,118,4.698828,1991,1.9625
RRT*,9,75,4.629267,1990,2.0571
RRT*,10,96,4.630939,1981,1.9494
