planner,run,first_path_iter,final_cost,final_nodes,elapsed_sec
RRT*,1,75,4.622204,1993,2.0022
RRT*,2,104,4.706215,1971,1.9434
RRT*,3,66,4.620621,1993,2.0557
RRT*,4,120,4.613091,1987,1.9857
RRT*,5,247,4.691364,1946,1.8744
RRT*,6,131,4.605430,1982,1.9243
RRT*,7,127,4.590690,1986,2.1400
RRT*,8,71,4.659144,1998,2.1075
RRT*,9,125,4.675987,1986,2.0247
RRT*,10,121,4.835358,1983,2.4249
